{
  "Comment": "Step Function for ETF Data Ingestion, Cleaning, Transformation, and Crawling",
  "StartAt": "FullLoad",
  "States": {
    "FullLoad": {
      "Type": "Pass",
      "Next": "Load2Lambda"
    },
    "Load2Lambda": {
      "Type": "Task",
      "Resource": "arn:aws:lambda:us-east-1:640168429279:function:load2",
      "Next": "ETFCleaningLambda"
    },
    "ETFCleaningLambda": {
      "Type": "Task",
      "Resource": "arn:aws:lambda:us-east-1:640168429279:function:etfDataCleaning",
      "Next": "PriceTransformationLambda"
    },
    "PriceTransformationLambda": {
      "Type": "Task",
      "Resource": "arn:aws:lambda:us-east-1:640168429279:function:priceTransformation",
      "Next": "TriggerCrawlersLambda"
    },
    "TriggerCrawlersLambda": {
      "Type": "Task",
      "Resource": "arn:aws:lambda:us-east-1:640168429279:function:TriggerCrawlers",
      "Next": "RunCrawlersPass"
    },
    "RunCrawlersPass": {
      "Type": "Parallel",
      "Branches": [
        {
          "StartAt": "ETFDataCrawlerPass",
          "States": {
            "ETFDataCrawlerPass": {
              "Type": "Pass",
              "End": true
            }
          }
        },
        {
          "StartAt": "ETFHoldingsCrawlerPass",
          "States": {
            "ETFHoldingsCrawlerPass": {
              "Type": "Pass",
              "End": true
            }
          }
        },
        {
          "StartAt": "ETFPriceAnalysisCrawlerPass",
          "States": {
            "ETFPriceAnalysisCrawlerPass": {
              "Type": "Pass",
              "End": true
            }
          }
        }
      ],
      "End": true
    }
  }
}